{"mtx": [2226.3647237791383, 0.0, 556.4370483568974, 0.0, 2957.0687763813967, 377.17228564967905, 0.0, 0.0, 1.0], "dist": [0.03385188577822151, -2.725589342481528, -0.019422385718095875, 0.006165269866435817, 41.131616511111645]}