{"mtx": [1355.6639318597147, 0.0, 428.4889241721947, 0.0, 1352.547158061451, 341.0123933918595, 0.0, 0.0, 1.0], "dist": [0.10812881594561455, -8.674672441742686, 0.008083285839080422, 0.005024985861317791, 125.86170474579181]}