{"R": [0.9991655498901287, -0.014942821795619734, 0.038012050583217036, 0.01498244108198866, 0.9998874699037864, -0.000757620372866735, -0.03799645209728715, 0.0013265014847319797, 0.9992769936418178], "T": [-2.409637718338575, 0.0979005449205495, -0.032462877363140075], "R1": [0.99713188973195, -0.05549830081212236, 0.05145807115076683, 0.055507857534027455, 0.9984574748219973, 0.0012444774254951622, -0.051447762162919346, 0.001615419155399907, 0.998674380461109], "R2": [0.9990851609394998, -0.040591571477164544, 0.013459773976842657, 0.04058907201828844, 0.9991758186699302, 0.00045893133338235556, -0.013467309426446082, 8.780825022349821e-05, 0.999909307820726], "P1": [1230.3641100536613, 0.0, 355.4122133255005, 0.0, 0.0, 1230.3641100536613, 310.67628479003906, 0.0, 0.0, 0.0, 1.0, 0.0], "P2": [1230.3641100536613, 0.0, 355.4122133255005, -2967.446502846123, 0.0, 1230.3641100536613, 310.67628479003906, 0.0, 0.0, 0.0, 1.0, 0.0], "Q": [1.0, 0.0, 0.0, -355.4122133255005, 0.0, 1.0, 0.0, -310.67628479003906, 0.0, 0.0, 0.0, 1230.3641100536613, 0.0, 0.0, 0.41462048561738196, -0.0]}