{"mtx": [1106.7175452015078, 0.0, 434.35792481815656, 0.0, 1108.1810620458716, 332.07471572898345, 0.0, 0.0, 1.0], "dist": [0.2649923651400568, -18.89685101297974, 0.007543737457246684, -0.00011037027845866124, 309.82543931520513]}