{"mtx": [1313.0780567505442, 0.0, 438.49177283726755, 0.0, 1313.370507347964, 318.0994086277154, 0.0, 0.0, 1.0], "dist": [-0.1258975904632186, 1.199364810848987, 0.001849186554460356, 0.00790484445387306, -5.3156501563459955]}