{"mtx": [1418.6008924893476, 0.0, 441.46340746179567, 0.0, 1423.354684291234, 317.53511087525465, 0.0, 0.0, 1.0], "dist": [-0.08389502614127052, 0.3553428714387921, 0.0026274460518276167, 0.002453454902758856, 1.2071406875949247]}