{"mtx": [1325.0114465958561, 0.0, 423.3370542442209, 0.0, 1326.1518178300848, 315.5635133275947, 0.0, 0.0, 1.0], "dist": [-0.11462353977673745, 0.918145166200398, 0.0006909192146238256, 0.004850236799010888, -4.612065314133055]}