{"mtx": [1384.4964566374574, 0.0, 558.3451411209141, 0.0, 1842.4890655662064, 397.1931518914114, 0.0, 0.0, 1.0], "dist": [-0.025869053933332428, -0.04550090546507531, -0.020271583112510975, 0.005159789018003448, 2.56306730165114]}