{"mtx": [2148.58294628501, 0.0, 491.41079152604357, 0.0, 2154.9205954454646, 410.3543517833778, 0.0, 0.0, 1.0], "dist": [-0.09027878490281366, -0.16325745414293055, -0.013141266976058462, 0.003066608555623087, 3.85712657048372]}