{"mtx": [2239.2606884190877, 0.0, 283.2639426232009, 0.0, 2231.5536060012873, 354.1695855508133, 0.0, 0.0, 1.0], "dist": [-0.06504006251047342, -0.3330793889489805, -0.022614158308446892, -0.016583744149953592, 2.9993310782484897]}