{"mtx": [1066.7222393474578, 0.0, 448.4819863455201, 0.0, 1069.5629243475971, 312.0039636155972, 0.0, 0.0, 1.0], "dist": [-0.08883953511043839, 0.08186671178806976, 0.0016390401735804458, 0.0028201073286285637, 1.0121445471781256]}