{"mtx": [1739.0485582793442, 0.0, 550.3819462925585, 0.0, 1741.287809708018, 410.23538163987007, 0.0, 0.0, 1.0], "dist": [-0.07371690209385597, -0.931253159951893, -0.014217904473508132, 0.0002891444604860564, 9.905780047797963]}