{"mtx": [1717.2016244540732, 0.0, 715.5995595280615, 0.0, 1715.5478387678395, 464.59006615538885, 0.0, 0.0, 1.0], "dist": [-0.14951527381215113, 1.0134282394142007, -0.0062026830265940296, 0.005170852344009714]}