{"mtx": [1810.1501604519249, 0.0, 333.7580226680006, 0.0, 1799.3534837097575, 403.84994798938294, 0.0, 0.0, 1.0], "dist": [-0.056621278868709414, -0.5178832461429429, -0.019255503007390543, -0.02478598893237048, 4.023791348236973]}