{"R": [0.999246986624005, 0.0022455060377172746, 0.038735222026988834, -0.0024156837589302256, 0.9999876334569656, 0.0043471145733987755, -0.03872498153417748, -0.004437413184727172, 0.9992400538256089], "T": [-2.619295898849587, 0.013505288364320307, -0.06630497255284105], "R1": [0.9979462040727051, -0.003021826743269683, 0.06398626680790581, 0.002877038217851146, 0.9999930887001945, 0.0023548254580128287, -0.06399294045417724, -0.002165898192053703, 0.9979480008783274], "R2": [0.9996664739538005, -0.005154356178245804, 0.025305601458244228, 0.005211576974892726, 0.9999840089241987, -0.0021957598508792727, -0.025293879066099787, 0.0023269095976734067, 0.9996773505354185], "P1": [1191.4667158477805, 0.0, 387.85414123535156, 0.0, 0.0, 1191.4667158477805, 315.7566146850586, 0.0, 0.0, 0.0, 1.0, 0.0], "P2": [1191.4667158477805, 0.0, 387.85414123535156, -3121.8450990886245, 0.0, 1191.4667158477805, 315.7566146850586, 0.0, 0.0, 0.0, 1.0, 0.0], "Q": [1.0, 0.0, 0.0, -387.85414123535156, 0.0, 1.0, 0.0, -315.7566146850586, 0.0, 0.0, 0.0, 1191.4667158477805, 0.0, 0.0, 0.38165465550984934, -0.0]}