{"R": [0.9992901821146631, 0.003890757561795692, 0.03746990705671414, -0.004304833972843344, 0.9999304891965027, 0.01097657413353455, -0.037424595304555004, -0.01113008449375186, 0.9992374697165095], "T": [-70.64544631687656, -0.20327782123752555, -7.783876104337323], "R1": [0.9891640193314024, 0.005508298959839746, 0.14671128621450347, -0.006333259713099585, 0.9999666495863059, 0.00515650429498967, -0.14667798976517013, -0.006029789192570958, 0.9891659157900367], "R2": [0.9939805827334081, 0.0028601165077810097, 0.10951904346969388, -0.002244922711990876, 0.9999810054842584, -0.005740121314799353, -0.1095333806242278, 0.005459707341364087, 0.9939681232940898], "P1": [1455.372931108339, 0.0, 254.22371864318848, 0.0, 0.0, 1455.372931108339, 405.5100746154785, 0.0, 0.0, 0.0, 1.0, 0.0], "P2": [1455.372931108339, 0.0, 254.22371864318848, -103438.10740538905, 0.0, 1455.372931108339, 405.5100746154785, 0.0, 0.0, 0.0, 1.0, 0.0], "Q": [1.0, 0.0, 0.0, -254.22371864318848, 0.0, 1.0, 0.0, -405.5100746154785, 0.0, 0.0, 0.0, 1455.372931108339, 0.0, 0.0, 0.01406998801132855, -0.0]}