{"R": [0.9992366141489765, -0.013813973224102426, 0.03654262015582932, 0.01420984494057438, 0.999842893456233, -0.010595693079393231, -0.0363905104505869, 0.01110686944335127, 0.9992759219556498], "T": [-41.39255454013198, -1.6008925043579323, -5.010855938391638], "R1": [0.9874389387977779, 0.025991323661876134, 0.1558486228371037, -0.02502281907565577, 0.9996534671036355, -0.008173385662472948, -0.1560070532746043, 0.00417094737249428, 0.9877471349118614], "R2": [0.9920212154601709, 0.03836727028901958, 0.12009105148800561, -0.03911158016522035, 0.9992274473093122, 0.003846146213420838, -0.11985070869170966, -0.00851240942887403, 0.9927554313685775], "P1": [2350.4428222398374, 0.0, -12.25485372543335, 0.0, 0.0, 2350.4428222398374, 377.1340751647949, 0.0, 0.0, 0.0, 1.0, 0.0], "P2": [2350.4428222398374, 0.0, -12.25485372543335, -98073.33875202837, 0.0, 2350.4428222398374, 377.1340751647949, 0.0, 0.0, 0.0, 1.0, 0.0], "Q": [1.0, 0.0, 0.0, 12.25485372543335, 0.0, 1.0, 0.0, -377.1340751647949, 0.0, 0.0, 0.0, 2350.4428222398374, 0.0, 0.0, 0.02396617523323815, -0.0]}