{"R": [0.999430717360116, 0.003233484327850096, 0.033582521884836736, -0.003192422615339907, 0.9999940897830578, -0.0012762589074578673, -0.033586450168022475, 0.0011683227530725625, 0.9994351331562522], "T": [-57.20960827647575, -0.2088902764744616, -1.427552012574854], "R1": [0.998263587925436, 0.006911732963410369, 0.05849817919968109, -0.0068753354001956585, 0.9999760255599609, -0.0008234491116101541, -0.05850246819895988, 0.00041982466233140333, 0.9982871755972239], "R2": [0.9996821591582133, 0.0036501540371323745, 0.02494508040231149, -0.0036656680820471243, 0.9999931153951959, 0.0005762288804862048, -0.024942805341116703, -0.0006674861164486269, 0.9996886569947663], "P1": [1374.7532510606593, 0.0, 371.5916175842285, 0.0, 0.0, 1374.7532510606593, 317.2618064880371, 0.0, 0.0, 0.0, 1.0, 0.0], "P2": [1374.7532510606593, 0.0, 371.5916175842285, -78674.10081242086, 0.0, 1374.7532510606593, 317.2618064880371, 0.0, 0.0, 0.0, 1.0, 0.0], "Q": [1.0, 0.0, 0.0, -371.5916175842285, 0.0, 1.0, 0.0, -317.2618064880371, 0.0, 0.0, 0.0, 1374.7532510606593, 0.0, 0.0, 0.017474025592468124, -0.0]}